news_id,year,month,day
story_reviews_00000,2018,12,16
story_reviews_00001,2018,12,18
story_reviews_00003,2018,12,13
story_reviews_00005,2018,12,03
story_reviews_00007,2018,11,27
story_reviews_00008,2018,11,24
story_reviews_00009,2018,11,18
story_reviews_00011,2018,11,16
story_reviews_00012,2018,11,14
story_reviews_00013,2018,11,12
story_reviews_00015,2018,11,01
story_reviews_00017,2018,10,24
story_reviews_00018,2018,10,21
story_reviews_00021,2018,10,15
story_reviews_00022,2018,10,10
story_reviews_00023,2018,10,09
story_reviews_00026,2018,09,28
story_reviews_00027,2018,09,26
story_reviews_00028,2018,09,24
story_reviews_00029,2018,09,23
story_reviews_00030,2018,09,18
story_reviews_00031,2018,09,14
story_reviews_00032,2018,09,11
story_reviews_00033,2018,09,11
story_reviews_00035,2018,09,02
story_reviews_00036,2018,08,29
story_reviews_00039,2018,08,22
story_reviews_00041,2018,08,14
story_reviews_00043,2018,08,08
story_reviews_00045,2018,08,02
story_reviews_00047,2018,07,24
story_reviews_00049,2018,07,17
story_reviews_00050,2018,07,16
story_reviews_00051,2018,07,11
story_reviews_00052,2018,07,11
story_reviews_00054,2018,07,05
story_reviews_00055,2018,06,27
story_reviews_00056,2018,06,26
story_reviews_00057,2018,06,27
story_reviews_00058,2018,06,25
story_reviews_00059,2018,06,21
story_reviews_00061,2018,06,20
story_reviews_00062,2018,06,12
story_reviews_00064,2018,06,05
story_reviews_00065,2018,06,04
story_reviews_00066,2018,06,01
story_reviews_00067,2018,05,26
story_reviews_00069,2018,05,16
story_reviews_00070,2018,05,18
story_reviews_00071,2018,05,16
story_reviews_00072,2018,05,12
story_reviews_00073,2018,05,09
story_reviews_00076,2018,05,01
story_reviews_00077,2018,04,30
story_reviews_00079,2018,04,22
story_reviews_00080,2018,04,18
story_reviews_00082,2018,04,16
story_reviews_00085,2018,04,09
story_reviews_00086,2018,04,02
story_reviews_00087,2018,04,02
story_reviews_00089,2018,03,28
story_reviews_00090,2018,03,26
story_reviews_00091,2018,03,22
story_reviews_00092,2018,03,20
story_reviews_00093,2018,03,20
story_reviews_00095,2018,03,16
story_reviews_00098,2018,03,12
story_reviews_00099,2018,03,07
story_reviews_00100,2018,03,05
story_reviews_00101,2018,03,05
story_reviews_00102,2018,02,27
story_reviews_00103,2018,02,24
story_reviews_00104,2018,02,20
story_reviews_00105,2018,02,22
story_reviews_00106,2018,02,19
story_reviews_00107,2018,02,14
story_reviews_00112,2018,02,03
story_reviews_00113,2018,02,05
story_reviews_00114,2018,02,01
story_reviews_00116,2018,01,26
story_reviews_00117,2018,01,24
story_reviews_00119,2018,01,23
story_reviews_00120,2018,01,18
story_reviews_00121,2018,01,12
story_reviews_00124,2018,01,08
story_reviews_00125,2018,01,03
story_reviews_00126,2018,01,02
story_reviews_00127,2017,12,29
story_reviews_00128,2017,12,26
story_reviews_00129,2017,12,20
story_reviews_00130,2017,12,18
story_reviews_00131,2017,12,18
story_reviews_00132,2017,12,14
story_reviews_00134,2017,12,06
story_reviews_00135,2017,12,08
story_reviews_00137,2017,12,04
story_reviews_00138,2017,11,30
story_reviews_00139,2017,11,29
story_reviews_00140,2017,11,27
story_reviews_00142,2017,11,20
story_reviews_00144,2017,11,14
story_reviews_00145,2017,11,10
story_reviews_00147,2017,11,06
story_reviews_00148,2017,11,02
story_reviews_00150,2017,10,26
story_reviews_00151,2017,10,27
story_reviews_00154,2017,10,20
story_reviews_00155,2017,10,19
story_reviews_00156,2017,10,14
story_reviews_00160,2017,10,05
story_reviews_00164,2017,09,28
story_reviews_00165,2017,09,26
story_reviews_00166,2017,09,25
story_reviews_00167,2017,09,22
story_reviews_00168,2017,09,20
story_reviews_00169,2017,09,20
story_reviews_00171,2017,09,14
story_reviews_00172,2017,09,13
story_reviews_00173,2017,09,12
story_reviews_00174,2017,09,06
story_reviews_00176,2017,09,04
story_reviews_00177,2017,09,04
story_reviews_00179,2017,08,26
story_reviews_00181,2017,08,28
story_reviews_00182,2017,08,25
story_reviews_00183,2017,08,21
story_reviews_00185,2017,08,18
story_reviews_00186,2017,08,09
story_reviews_00188,2017,08,08
story_reviews_00189,2017,08,07
story_reviews_00192,2017,08,02
story_reviews_00193,2017,07,31
story_reviews_00194,2017,07,26
story_reviews_00195,2017,07,26
story_reviews_00196,2017,07,24
story_reviews_00197,2017,07,23
story_reviews_00198,2017,07,20
story_reviews_00200,2017,07,28
story_reviews_00201,2017,07,13
story_reviews_00202,2017,07,11
story_reviews_00203,2017,07,10
story_reviews_00204,2017,07,10
story_reviews_00205,2017,07,06
story_reviews_00206,2017,07,06
story_reviews_00207,2017,07,02
story_reviews_00208,2017,07,04
story_reviews_00212,2017,06,21
story_reviews_00213,2017,06,22
story_reviews_00216,2017,06,19
story_reviews_00217,2017,06,18
story_reviews_00218,2017,06,13
story_reviews_00219,2017,06,09
story_reviews_00221,2017,06,08
story_reviews_00222,2017,06,07
story_reviews_00224,2017,06,05
story_reviews_00225,2017,06,04
story_reviews_00226,2017,05,26
story_reviews_00227,2017,05,24
story_reviews_00228,2017,05,25
story_reviews_00229,2017,05,23
story_reviews_00231,2017,05,18
story_reviews_00232,2017,05,18
story_reviews_00233,2017,05,18
story_reviews_00234,2017,05,12
story_reviews_00236,2017,05,10
story_reviews_00237,2017,05,10
story_reviews_00238,2017,05,09
story_reviews_00239,2017,05,04
story_reviews_00241,2017,05,01
story_reviews_00242,2017,04,29
story_reviews_00243,2017,05,01
story_reviews_00245,2017,04,20
story_reviews_00247,2017,04,18
story_reviews_00248,2017,04,20
story_reviews_00249,2017,04,19
story_reviews_00251,2017,04,12
story_reviews_00252,2017,04,13
story_reviews_00254,2017,04,10
story_reviews_00256,2015,08,04
story_reviews_00257,2017,04,03
story_reviews_00259,2017,04,03
story_reviews_00260,2017,03,29
story_reviews_00261,2017,03,27
story_reviews_00262,2017,03,28
story_reviews_00263,2017,03,24
story_reviews_00265,2017,03,18
story_reviews_00266,2017,03,20
story_reviews_00267,2017,03,16
story_reviews_00268,2017,03,16
story_reviews_00269,2017,03,11
story_reviews_00270,2017,03,09
story_reviews_00272,2017,03,11
story_reviews_00274,2017,03,02
story_reviews_00275,2017,03,07
story_reviews_00276,2017,02,28
story_reviews_00277,2017,02,27
story_reviews_00278,2017,02,24
story_reviews_00279,2017,02,23
story_reviews_00285,2017,02,10
story_reviews_00286,2017,02,13
story_reviews_00287,2017,02,08
story_reviews_00289,2017,02,05
story_reviews_00290,2017,02,01
story_reviews_00291,2017,02,01
story_reviews_00292,2017,02,03
story_reviews_00294,2017,01,28
story_reviews_00295,2017,01,25
story_reviews_00297,2017,01,23
story_reviews_00302,2017,01,09
story_reviews_00303,2017,01,10
story_reviews_00304,2017,01,07
story_reviews_00305,2017,01,05
story_reviews_00306,2016,12,28
story_reviews_00308,2016,12,28
story_reviews_00311,2016,12,20
story_reviews_00312,2016,12,17
story_reviews_00313,2016,12,17
story_reviews_00314,2016,12,15
story_reviews_00315,2016,12,13
story_reviews_00316,2016,12,09
story_reviews_00317,2016,12,08
story_reviews_00319,2016,12,07
story_reviews_00321,2016,12,03
story_reviews_00322,2016,12,01
story_reviews_00323,2016,11,29
story_reviews_00324,2016,11,23
story_reviews_00326,2016,11,21
story_reviews_00327,2016,11,15
story_reviews_00329,2016,11,13
story_reviews_00331,2016,11,10
story_reviews_00332,2016,11,09
story_reviews_00334,2016,11,06
story_reviews_00336,2016,10,26
story_reviews_00337,2016,10,26
story_reviews_00338,2016,10,25
story_reviews_00343,2016,10,18
story_reviews_00344,2016,10,13
story_reviews_00346,2016,10,08
story_reviews_00347,2016,10,09
story_reviews_00348,2016,10,05
story_reviews_00349,2016,09,30
story_reviews_00350,2016,10,02
story_reviews_00351,2016,10,01
story_reviews_00353,2016,09,26
story_reviews_00355,2016,09,23
story_reviews_00359,2016,09,19
story_reviews_00360,2016,09,16
story_reviews_00361,2016,09,14
story_reviews_00365,2016,09,02
story_reviews_00368,2016,08,31
story_reviews_00369,2016,08,29
story_reviews_00370,2016,08,28
story_reviews_00371,2016,08,29
story_reviews_00372,2016,08,24
story_reviews_00373,2016,08,22
story_reviews_00374,2016,04,25
story_reviews_00377,2016,08,12
story_reviews_00378,2016,08,14
story_reviews_00379,2016,08,11
story_reviews_00380,2016,08,05
story_reviews_00381,2016,08,06
story_reviews_00382,2016,08,06
story_reviews_00383,2016,08,02
story_reviews_00385,2016,08,01
story_reviews_00386,2016,07,27
story_reviews_00387,2016,07,26
story_reviews_00388,2016,07,25
story_reviews_00389,2016,07,25
story_reviews_00391,2016,07,19
story_reviews_00392,2016,07,17
story_reviews_00397,2016,07,12
story_reviews_00398,2016,07,12
story_reviews_00399,2016,07,06
story_reviews_00400,2016,07,05
story_reviews_00402,2016,07,01
story_reviews_00403,2016,06,29
story_reviews_00404,2016,06,28
story_reviews_00407,2016,06,27
story_reviews_00410,2016,06,21
story_reviews_00411,2016,06,17
story_reviews_00413,2016,06,14
story_reviews_00414,2016,06,13
story_reviews_00415,2016,06,09
story_reviews_00418,2016,06,09
story_reviews_00419,2016,06,05
story_reviews_00420,2016,06,07
story_reviews_00421,2016,06,06
story_reviews_00423,2016,06,02
story_reviews_00425,2016,06,01
story_reviews_00427,2016,05,26
story_reviews_00431,2016,05,19
story_reviews_00432,2016,05,18
story_reviews_00433,2016,05,18
story_reviews_00434,2016,05,17
story_reviews_00435,2016,05,14
story_reviews_00437,2016,05,10
story_reviews_00439,2016,05,10
story_reviews_00440,2016,05,10
story_reviews_00443,2016,05,03
story_reviews_00444,2016,05,03
story_reviews_00445,2016,04,29
story_reviews_00447,2016,05,06
story_reviews_00449,2016,04,25
story_reviews_00451,2016,04,21
story_reviews_00452,2016,04,20
story_reviews_00453,2016,04,18
story_reviews_00457,2016,04,13
story_reviews_00458,2016,04,11
story_reviews_00460,2016,04,11
story_reviews_00462,2016,04,05
story_reviews_00463,2016,03,31
story_reviews_00466,2016,03,22
story_reviews_00467,2016,03,21
story_reviews_00469,2016,03,14
story_reviews_00470,2016,03,14
story_reviews_00471,2016,03,15
story_reviews_00473,2016,03,07
story_reviews_00474,2016,03,09
story_reviews_00475,2016,02,29
story_reviews_00476,2016,02,23
story_reviews_00481,2016,02,14
story_reviews_00483,2016,02,09
story_reviews_00484,2016,02,08
story_reviews_00486,2016,02,01
story_reviews_00487,2016,02,01
story_reviews_00489,2016,01,25
story_reviews_00490,2016,01,20
story_reviews_00491,2016,01,19
story_reviews_00493,2016,01,18
story_reviews_00494,2016,01,13
story_reviews_00495,2016,01,12
story_reviews_00496,2016,01,11
story_reviews_00497,2016,01,07
story_reviews_00498,2016,01,07
story_reviews_00500,2016,01,04
story_reviews_00502,2016,01,04
story_reviews_00503,2015,12,21
story_reviews_00504,2015,12,14
story_reviews_00507,2015,12,02
story_reviews_00509,2015,11,29
story_reviews_00511,2015,11,18
story_reviews_00512,2015,11,16
story_reviews_00513,2015,11,16
story_reviews_00516,2015,11,10
story_reviews_00519,2015,11,04
story_reviews_00520,2015,11,02
story_reviews_00521,2015,10,27
story_reviews_00523,2015,10,26
story_reviews_00524,2015,10,26
story_reviews_00526,2015,10,20
story_reviews_00527,2015,10,20
story_reviews_00528,2015,10,14
story_reviews_00529,2015,10,12
story_reviews_00532,2015,10,07
story_reviews_00533,2015,10,06
story_reviews_00534,2015,10,03
story_reviews_00535,2015,09,29
story_reviews_00537,2015,09,28
story_reviews_00538,2015,09,28
story_reviews_00539,2015,09,24
story_reviews_00540,2015,09,24
story_reviews_00541,2015,09,22
story_reviews_00542,2015,09,21
story_reviews_00544,2015,09,17
story_reviews_00545,2015,09,15
story_reviews_00546,2015,09,14
story_reviews_00548,2015,09,11
story_reviews_00549,2015,09,10
story_reviews_00550,2015,09,10
story_reviews_00551,2015,09,09
story_reviews_00553,2015,08,31
story_reviews_00554,2015,09,01
story_reviews_00555,2015,08,31
story_reviews_00557,2015,08,24
story_reviews_00559,2015,08,17
story_reviews_00561,2015,08,18
story_reviews_00562,2015,08,17
story_reviews_00563,2015,08,13
story_reviews_00564,2015,08,10
story_reviews_00566,2015,08,09
story_reviews_00567,2015,08,05
story_reviews_00568,2015,08,05
story_reviews_00570,2015,08,03
story_reviews_00572,2015,07,27
story_reviews_00573,2015,07,27
story_reviews_00575,2015,07,22
story_reviews_00576,2015,07,17
story_reviews_00581,2015,07,15
story_reviews_00582,2015,07,15
story_reviews_00584,2015,07,08
story_reviews_00587,2015,07,04
story_reviews_00588,2015,07,06
story_reviews_00589,2015,07,01
story_reviews_00590,2015,06,29
story_reviews_00594,2015,06,30
story_reviews_00595,2015,06,24
story_reviews_00597,2015,06,25
story_reviews_00598,2015,06,24
story_reviews_00599,2015,06,22
story_reviews_00600,2015,06,22
story_reviews_00601,2015,06,16
story_reviews_00602,2015,06,15
story_reviews_00603,2015,06,12
story_reviews_00604,2015,06,09
story_reviews_00605,2015,06,08
story_reviews_00607,2015,06,08
story_reviews_00609,2015,06,02
story_reviews_00611,2015,05,29
story_reviews_00612,2015,05,26
story_reviews_00613,2015,05,26
story_reviews_00614,2015,05,26
story_reviews_00616,2015,05,20
story_reviews_00618,2015,05,17
story_reviews_00622,2015,05,11
story_reviews_00624,2015,05,12
story_reviews_00625,2015,05,12
story_reviews_00627,2015,05,01
story_reviews_00628,2015,05,04
story_reviews_00629,2015,04,30
story_reviews_00630,2015,04,26
story_reviews_00631,2015,05,01
story_reviews_00632,2015,04,29
story_reviews_00635,2015,04,21
story_reviews_00637,2015,04,20
story_reviews_00638,2015,04,13
story_reviews_00639,2015,04,09
story_reviews_00641,2015,04,03
story_reviews_00642,2015,04,03
story_reviews_00643,2015,03,31
story_reviews_00645,2015,03,26
story_reviews_00646,2015,03,25
story_reviews_00648,2015,03,23
story_reviews_00650,2015,03,23
story_reviews_00651,2015,03,22
story_reviews_00657,2015,03,16
story_reviews_00658,2015,03,15
story_reviews_00659,2015,03,11
story_reviews_00660,2015,03,06
story_reviews_00661,2015,03,09
story_reviews_00662,2015,03,09
story_reviews_00663,2015,03,09
story_reviews_00664,2015,03,02
story_reviews_00665,2015,03,02
story_reviews_00669,2015,03,02
story_reviews_00671,2015,02,26
story_reviews_00673,2015,02,24
story_reviews_00674,2015,02,24
story_reviews_00675,2015,02,23
story_reviews_00676,2015,02,23
story_reviews_00677,2015,02,18
story_reviews_00679,2015,02,18
story_reviews_00680,2015,02,18
story_reviews_00683,2015,02,15
story_reviews_00684,2015,02,16
story_reviews_00685,2015,02,11
story_reviews_00686,2015,02,11
story_reviews_00687,2015,02,09
story_reviews_00689,2015,02,09
story_reviews_00691,2015,02,06
story_reviews_00692,2015,01,13
story_reviews_00695,2015,02,02
story_reviews_00696,2015,02,03
story_reviews_00697,2015,02,02
story_reviews_00698,2015,01,27
story_reviews_00699,2015,01,28
story_reviews_00700,2015,01,28
story_reviews_00701,2015,01,26
story_reviews_00702,2015,01,23
story_reviews_00704,2015,01,23
story_reviews_00705,2015,01,26
story_reviews_00707,2015,01,22
story_reviews_00712,2015,01,19
story_reviews_00713,2015,01,14
story_reviews_00714,2015,01,14
story_reviews_00715,2015,01,13
story_reviews_00717,2015,01,12
story_reviews_00719,2015,01,08
story_reviews_00720,2015,01,07
story_reviews_00722,2015,01,07
story_reviews_00724,2015,01,07
story_reviews_00725,2015,01,05
story_reviews_00726,2015,01,05
story_reviews_00728,2013,05,29
story_reviews_00729,2013,05,22
story_reviews_00730,2013,05,21
story_reviews_00731,2013,05,13
story_reviews_00733,2013,05,08
story_reviews_00735,2013,04,29
story_reviews_00737,2013,04,15
story_reviews_00739,2013,04,08
story_reviews_00741,2013,04,03
story_reviews_00744,2013,03,25
story_reviews_00745,2013,03,25
story_reviews_00746,2013,03,19
story_reviews_00747,2013,03,07
story_reviews_00749,2013,02,12
story_reviews_00750,2013,02,13
story_reviews_00751,2013,02,12
story_reviews_00753,2013,02,08
story_reviews_00754,2013,02,06
story_reviews_00756,2013,01,28
story_reviews_00758,2013,01,23
story_reviews_00759,2013,01,23
story_reviews_00762,2013,01,14
story_reviews_00763,2013,01,15
story_reviews_00766,2013,01,08
story_reviews_00767,2013,01,02
story_reviews_00768,2013,01,02
story_reviews_00769,2013,01,02
story_reviews_00772,2012,12,12
story_reviews_00774,2012,12,10
story_reviews_00776,2012,12,05
story_reviews_00778,2012,12,06
story_reviews_00780,2012,12,04
story_reviews_00782,2012,11,29
story_reviews_00783,2012,11,30
story_reviews_00787,2012,11,15
story_reviews_00788,2012,11,18
story_reviews_00790,2012,11,14
story_reviews_00791,2012,11,08
story_reviews_00793,2012,11,05
story_reviews_00794,2012,11,05
story_reviews_00797,2012,11,04
story_reviews_00798,2012,10,29
story_reviews_00801,2012,10,25
story_reviews_00802,2012,10,24
story_reviews_00803,2012,10,17
story_reviews_00804,2012,10,17
story_reviews_00806,2012,10,15
story_reviews_00808,2012,10,10
story_reviews_00812,2012,10,08
story_reviews_00813,2012,10,08
story_reviews_00816,2012,10,08
story_reviews_00817,2012,10,04
story_reviews_00818,2012,10,03
story_reviews_00823,2012,09,27
story_reviews_00825,2012,09,10
story_reviews_00826,2012,09,10
story_reviews_00827,2012,09,03
story_reviews_00828,2012,08,26
story_reviews_00830,2012,08,27
story_reviews_00831,2012,08,15
story_reviews_00832,2012,08,10
story_reviews_00833,2012,08,12
story_reviews_00835,2012,08,03
story_reviews_00836,2012,08,06
story_reviews_00838,2012,07,30
story_reviews_00839,2012,07,30
story_reviews_00840,2012,07,30
story_reviews_00842,2012,07,13
story_reviews_00845,2012,07,09
story_reviews_00847,2012,07,02
story_reviews_00848,2012,07,03
story_reviews_00852,2012,06,27
story_reviews_00854,2012,06,13
story_reviews_00855,2012,06,11
story_reviews_00856,2012,06,11
story_reviews_00857,2012,06,07
story_reviews_00859,2012,06,05
story_reviews_00860,2012,05,31
story_reviews_00861,2012,05,29
story_reviews_00866,2012,05,17
story_reviews_00867,2012,05,14
story_reviews_00868,2012,05,14
story_reviews_00870,2012,05,11
story_reviews_00871,2012,05,12
story_reviews_00872,2012,05,14
story_reviews_00875,2012,04,23
story_reviews_00876,2012,04,20
story_reviews_00877,2012,04,23
story_reviews_00879,2012,04,16
story_reviews_00880,2012,04,17
story_reviews_00882,2012,04,12
story_reviews_00883,2012,04,09
story_reviews_00884,2012,04,09
story_reviews_00885,2012,04,02
story_reviews_00889,2012,03,29
story_reviews_00891,2012,03,27
story_reviews_00892,2012,03,27
story_reviews_00893,2012,03,27
story_reviews_00895,2012,03,22
story_reviews_00897,2012,03,19
story_reviews_00898,2012,03,15
story_reviews_00899,2012,03,12
story_reviews_00901,2012,03,07
story_reviews_00902,2012,03,07
story_reviews_00903,2012,03,06
story_reviews_00904,2012,03,05
story_reviews_00905,2012,03,05
story_reviews_00906,2012,03,05
story_reviews_00907,2012,03,01
story_reviews_00909,2012,02,23
story_reviews_00910,2012,02,27
story_reviews_00913,2012,02,27
story_reviews_00914,2012,02,21
story_reviews_00916,2012,02,22
story_reviews_00917,2012,02,21
story_reviews_00918,2012,08,15
story_reviews_00919,2012,02,17
story_reviews_00922,2012,02,13
story_reviews_00923,2012,02,13
story_reviews_00925,2012,02,08
story_reviews_00928,2012,02,06
story_reviews_00929,2012,02,01
story_reviews_00932,2012,01,30
story_reviews_00933,2012,01,16
story_reviews_00936,2012,01,16
story_reviews_00938,2012,01,09
story_reviews_00939,2012,01,09
story_reviews_00940,2012,01,09
story_reviews_00941,2012,01,10
story_reviews_00942,2012,01,10
story_reviews_00943,2012,06,19
story_reviews_00944,2012,01,07
story_reviews_00947,2012,01,02
story_reviews_00949,2012,01,02
story_reviews_00952,2011,12,29
story_reviews_00954,2011,12,20
story_reviews_00955,2011,12,14
story_reviews_00956,2011,12,13
story_reviews_00958,2011,12,11
story_reviews_00960,2011,12,06
story_reviews_00961,2011,12,05
story_reviews_00962,2011,12,02
story_reviews_00963,2011,12,01
story_reviews_00965,2011,11,30
story_reviews_00966,2011,11,28
story_reviews_00967,2014,03,21
story_reviews_00968,2011,11,15
story_reviews_00970,2011,11,14
story_reviews_00973,2011,11,08
story_reviews_00975,2011,11,02
story_reviews_00976,2011,11,03
story_reviews_00980,2012,07,12
story_reviews_00982,2011,10,26
story_reviews_00983,2011,10,24
story_reviews_00985,2011,10,25
story_reviews_00989,2011,10,20
story_reviews_00991,2011,10,17
story_reviews_00992,2011,10,17
story_reviews_00993,2014,03,20
story_reviews_00994,2011,10,17
story_reviews_00996,2011,10,10
story_reviews_00997,2011,10,10
story_reviews_00999,2011,10,10
story_reviews_01000,2011,10,02
story_reviews_01001,2011,09,14
story_reviews_01002,2011,09,13
story_reviews_01003,2011,09,12
story_reviews_01004,2011,09,01
story_reviews_01005,2011,09,06
story_reviews_01006,2011,09,05
story_reviews_01007,2011,09,06
story_reviews_01008,2011,09,02
story_reviews_01009,2011,08,29
story_reviews_01012,2011,08,28
story_reviews_01013,2011,08,24
story_reviews_01014,2011,08,24
story_reviews_01015,2011,08,23
story_reviews_01016,2011,08,22
story_reviews_01017,2011,08,18
story_reviews_01019,2011,08,17
story_reviews_01021,2011,08,17
story_reviews_01023,2011,08,14
story_reviews_01024,2011,08,12
story_reviews_01026,2011,08,10
story_reviews_01027,2011,08,10
story_reviews_01028,2011,08,10
story_reviews_01029,2011,08,09
story_reviews_01030,2011,08,03
story_reviews_01031,2011,08,03
story_reviews_01032,2011,08,03
story_reviews_01033,2011,08,03
story_reviews_01035,2011,08,02
story_reviews_01037,2011,08,01
story_reviews_01038,2011,08,01
story_reviews_01039,2011,07,28
story_reviews_01040,2011,07,27
story_reviews_01042,2011,07,25
story_reviews_01045,2011,07,19
story_reviews_01046,2011,07,18
story_reviews_01048,2011,07,13
story_reviews_01050,2011,07,11
story_reviews_01052,2011,07,11
story_reviews_01053,2011,05,19
story_reviews_01055,2011,07,07
story_reviews_01057,2011,07,06
story_reviews_01058,2011,07,04
story_reviews_01059,2011,07,01
story_reviews_01060,2011,06,28
story_reviews_01061,2011,06,28
story_reviews_01063,2011,06,25
story_reviews_01064,2011,06,16
story_reviews_01066,2011,06,15
story_reviews_01067,2011,06,15
story_reviews_01069,2011,06,13
story_reviews_01072,2011,06,07
story_reviews_01073,2011,06,06
story_reviews_01074,2011,06,06
story_reviews_01078,2011,06,05
story_reviews_01079,2011,05,31
story_reviews_01081,2011,06,01
story_reviews_01083,2011,05,31
story_reviews_01084,2011,05,25
story_reviews_01086,2011,05,23
story_reviews_01087,2011,05,23
story_reviews_01089,2011,05,19
story_reviews_01091,2011,05,16
story_reviews_01093,2011,05,15
story_reviews_01094,2011,05,11
story_reviews_01096,2011,05,11
story_reviews_01098,2011,05,10
story_reviews_01099,2011,05,10
story_reviews_01100,2011,05,09
story_reviews_01102,2011,05,08
story_reviews_01103,2011,05,05
story_reviews_01104,2011,05,04
story_reviews_01105,2011,05,04
story_reviews_01111,2011,05,02
story_reviews_01113,2011,05,02
story_reviews_01115,2011,04,27
story_reviews_01116,2011,04,27
story_reviews_01117,2011,04,26
story_reviews_01121,2011,04,20
story_reviews_01124,2011,04,19
story_reviews_01126,2011,04,18
story_reviews_01129,2011,04,12
story_reviews_01133,2011,04,10
story_reviews_01136,2011,04,06
story_reviews_01138,2011,04,05
story_reviews_01139,2011,04,04
story_reviews_01140,2011,04,05
story_reviews_01141,2011,04,04
story_reviews_01143,2011,04,04
story_reviews_01144,2011,04,03
story_reviews_01145,2011,04,01
story_reviews_01151,2011,03,29
story_reviews_01153,2011,03,28
story_reviews_01154,2011,03,28
story_reviews_01155,2011,03,24
story_reviews_01156,2011,03,24
story_reviews_01158,2011,03,22
story_reviews_01161,2011,03,21
story_reviews_01162,2011,03,18
story_reviews_01164,2011,03,15
story_reviews_01167,2011,03,14
story_reviews_01168,2011,03,14
story_reviews_01170,2011,03,08
story_reviews_01173,2011,03,07
story_reviews_01174,2011,03,07
story_reviews_01176,2011,03,06
story_reviews_01177,2011,03,03
story_reviews_01178,2011,03,03
story_reviews_01181,2011,02,28
story_reviews_01185,2011,02,24
story_reviews_01186,2011,02,23
story_reviews_01187,2011,02,23
story_reviews_01188,2011,02,23
story_reviews_01190,2011,02,22
story_reviews_01193,2011,02,22
story_reviews_01197,2011,02,17
story_reviews_01199,2011,02,15
story_reviews_01202,2011,02,16
story_reviews_01203,2011,02,14
story_reviews_01205,2011,02,14
story_reviews_01206,2011,02,14
story_reviews_01207,2011,02,14
story_reviews_01208,2011,02,10
story_reviews_01209,2011,02,09
story_reviews_01210,2011,02,08
story_reviews_01212,2011,02,08
story_reviews_01214,2011,02,07
story_reviews_01216,2011,02,05
story_reviews_01218,2011,02,04
story_reviews_01219,2011,02,03
story_reviews_01220,2011,02,02
story_reviews_01222,2011,02,01
story_reviews_01224,2011,01,31
story_reviews_01225,2011,01,27
story_reviews_01226,2011,01,27
story_reviews_01227,2011,01,27
story_reviews_01228,2012,10,04
story_reviews_01229,2011,01,25
story_reviews_01230,2011,01,24
story_reviews_01232,2011,01,25
story_reviews_01233,2011,01,23
story_reviews_01236,2011,01,18
story_reviews_01238,2011,01,18
story_reviews_01241,2011,01,16
story_reviews_01242,2011,01,13
story_reviews_01243,2011,01,13
story_reviews_01247,2011,01,11
story_reviews_01248,2011,01,12
story_reviews_01250,2011,01,10
story_reviews_01251,2011,01,10
story_reviews_01252,2011,01,10
story_reviews_01259,2011,01,05
story_reviews_01260,2011,01,04
story_reviews_01263,2010,12,29
story_reviews_01265,2010,12,27
story_reviews_01266,2010,12,23
story_reviews_01267,2010,12,23
story_reviews_01272,2010,12,20
story_reviews_01274,2010,12,21
story_reviews_01275,2010,12,16
story_reviews_01277,2010,12,16
story_reviews_01280,2010,12,13
story_reviews_01284,2010,12,07
story_reviews_01286,2010,12,08
story_reviews_01287,2010,12,07
story_reviews_01288,2010,12,06
story_reviews_01292,2010,12,03
story_reviews_01293,2010,12,02
story_reviews_01294,2010,12,02
story_reviews_01296,2010,11,30
story_reviews_01300,2010,11,30
story_reviews_01303,2010,11,22
story_reviews_01304,2010,11,23
story_reviews_01306,2010,11,22
story_reviews_01307,2010,11,22
story_reviews_01308,2010,11,18
story_reviews_01309,2010,11,17
story_reviews_01312,2010,11,17
story_reviews_01314,2010,11,15
story_reviews_01317,2010,11,15
story_reviews_01318,2010,11,15
story_reviews_01320,2010,11,15
story_reviews_01321,2010,11,09
story_reviews_01322,2010,11,10
story_reviews_01327,2010,11,08
story_reviews_01328,2010,11,05
story_reviews_01329,2010,11,04
story_reviews_01330,2010,11,04
story_reviews_01331,2010,11,05
story_reviews_01332,2010,11,03
story_reviews_01333,2010,11,03
story_reviews_01336,2010,11,02
story_reviews_01339,2010,10,29
story_reviews_01341,2010,10,28
story_reviews_01342,2010,10,28
story_reviews_01343,2010,10,27
story_reviews_01349,2010,10,25
story_reviews_01350,2010,10,25
story_reviews_01352,2010,10,20
story_reviews_01354,2010,10,18
story_reviews_01355,2010,10,18
story_reviews_01356,2010,10,19
story_reviews_01357,2010,10,19
story_reviews_01360,2010,10,15
story_reviews_01363,2010,10,14
story_reviews_01365,2010,10,12
story_reviews_01367,2010,10,13
story_reviews_01368,2010,10,13
story_reviews_01369,2010,10,11
story_reviews_01370,2010,10,11
story_reviews_01371,2010,10,11
story_reviews_01372,2010,10,06
story_reviews_01373,2010,10,07
story_reviews_01374,2010,10,06
story_reviews_01375,2010,10,05
story_reviews_01377,2010,10,05
story_reviews_01379,2010,10,04
story_reviews_01380,2010,10,04
story_reviews_01381,2010,10,02
story_reviews_01382,2010,09,30
story_reviews_01387,2010,09,27
story_reviews_01388,2010,09,27
story_reviews_01389,2010,09,28
story_reviews_01391,2010,09,30
story_reviews_01393,2010,09,27
story_reviews_01398,2010,09,23
story_reviews_01399,2010,09,22
story_reviews_01400,2010,09,23
story_reviews_01403,2010,09,21
story_reviews_01405,2010,09,19
story_reviews_01409,2010,09,17
story_reviews_01412,2010,09,14
story_reviews_01413,2010,09,14
story_reviews_01414,2010,09,10
story_reviews_01415,2010,09,07
story_reviews_01416,2010,09,08
story_reviews_01417,2010,09,08
story_reviews_01419,2010,09,05
story_reviews_01420,2010,09,07
story_reviews_01422,2010,09,08
story_reviews_01424,2010,09,07
story_reviews_01426,2010,08,31
story_reviews_01428,2010,09,01
story_reviews_01430,2010,09,02
story_reviews_01432,2010,09,01
story_reviews_01433,2010,09,02
story_reviews_01434,2010,08,30
story_reviews_01436,2010,08,30
story_reviews_01437,2010,08,31
story_reviews_01439,2010,08,29
story_reviews_01440,2010,08,27
story_reviews_01441,2010,08,26
story_reviews_01443,2010,08,26
story_reviews_01444,2010,08,25
story_reviews_01449,2010,08,23
story_reviews_01451,2010,08,19
story_reviews_01452,2010,08,19
story_reviews_01455,2010,08,19
story_reviews_01460,2010,08,17
story_reviews_01464,2010,08,17
story_reviews_01465,2010,08,16
story_reviews_01466,2010,08,13
story_reviews_01467,2010,08,12
story_reviews_01468,2010,08,11
story_reviews_01469,2010,08,11
story_reviews_01471,2010,08,11
story_reviews_01473,2010,08,09
story_reviews_01474,2010,08,06
story_reviews_01475,2010,08,04
story_reviews_01476,2010,08,04
story_reviews_01477,2010,08,03
story_reviews_01478,2010,08,04
story_reviews_01479,2010,08,03
story_reviews_01480,2010,08,02
story_reviews_01482,2010,08,02
story_reviews_01483,2010,07,29
story_reviews_01486,2010,07,26
story_reviews_01487,2010,07,26
story_reviews_01488,2010,07,26
story_reviews_01490,2010,07,24
story_reviews_01493,2010,07,18
story_reviews_01495,2010,07,18
story_reviews_01497,2010,07,14
story_reviews_01499,2010,07,14
story_reviews_01501,2010,07,13
story_reviews_01502,2010,07,13
story_reviews_01504,2010,07,13
story_reviews_01506,2010,07,13
story_reviews_01507,2010,07,12
story_reviews_01510,2010,07,08
story_reviews_01511,2010,07,07
story_reviews_01513,2010,07,05
story_reviews_01515,2010,06,30
story_reviews_01516,2010,06,29
story_reviews_01519,2010,06,28
story_reviews_01520,2010,06,28
story_reviews_01522,2010,06,27
story_reviews_01523,2010,06,24
story_reviews_01526,2010,06,22
story_reviews_01527,2010,06,22
story_reviews_01528,2010,06,22
story_reviews_01529,2010,06,22
story_reviews_01531,2010,06,15
story_reviews_01532,2010,06,16
story_reviews_01533,2010,06,16
story_reviews_01534,2010,06,15
story_reviews_01538,2010,06,10
story_reviews_01539,2010,06,09
story_reviews_01540,2010,06,07
story_reviews_01541,2010,06,07
story_reviews_01543,2010,06,02
story_reviews_01546,2010,06,02
story_reviews_01548,2010,05,28
story_reviews_01549,2010,05,27
story_reviews_01552,2010,05,26
story_reviews_01553,2010,05,24
story_reviews_01554,2010,05,22
story_reviews_01555,2010,05,20
story_reviews_01556,2010,05,20
story_reviews_01558,2010,05,18
story_reviews_01559,2010,05,19
story_reviews_01560,2010,05,12
story_reviews_01561,2010,05,13
story_reviews_01562,2010,05,12
story_reviews_01563,2010,05,13
story_reviews_01564,2010,05,13
story_reviews_01565,2010,05,04
story_reviews_01569,2010,05,04
story_reviews_01571,2010,04,30
story_reviews_01573,2010,04,28
story_reviews_01574,2010,04,28
story_reviews_01580,2010,04,21
story_reviews_01582,2010,04,20
story_reviews_01585,2010,04,15
story_reviews_01586,2010,04,14
story_reviews_01587,2010,04,13
story_reviews_01588,2010,04,13
story_reviews_01591,2010,04,05
story_reviews_01596,2010,04,08
story_reviews_01597,2010,04,05
story_reviews_01599,2010,04,01
story_reviews_01601,2010,03,31
story_reviews_01606,2010,03,23
story_reviews_01611,2010,03,22
story_reviews_01613,2010,03,16
story_reviews_01614,2010,03,15
story_reviews_01615,2010,03,16
story_reviews_01617,2010,03,16
story_reviews_01619,2010,03,11
story_reviews_01621,2010,03,08
story_reviews_01623,2010,03,03
story_reviews_01624,2010,03,04
story_reviews_01625,2010,03,03
story_reviews_01626,2010,03,01
story_reviews_01628,2010,02,27
story_reviews_01634,2010,02,23
story_reviews_01635,2010,02,22
story_reviews_01638,2010,02,15
story_reviews_01639,2010,02,16
story_reviews_01642,2010,02,09
story_reviews_01644,2010,02,05
story_reviews_01645,2010,02,04
story_reviews_01646,2010,02,05
story_reviews_01647,2010,02,05
story_reviews_01648,2010,02,04
story_reviews_01650,2014,03,07
story_reviews_01651,2014,03,07
story_reviews_01652,2010,02,02
story_reviews_01653,2010,02,01
story_reviews_01657,2010,01,28
story_reviews_01658,2010,01,28
story_reviews_01659,2010,01,28
story_reviews_01660,2010,01,27
story_reviews_01662,2010,01,25
story_reviews_01668,2010,01,18
story_reviews_01669,2010,01,13
story_reviews_01670,2010,01,13
story_reviews_01672,2010,01,12
story_reviews_01673,2010,01,12
story_reviews_01675,2010,01,12
story_reviews_01678,2010,01,06
story_reviews_01679,2010,01,07
story_reviews_01683,2009,12,30
story_reviews_01684,2009,12,29
story_reviews_01686,2014,09,17
story_reviews_01687,2009,12,22
story_reviews_01688,2009,12,22
story_reviews_01689,2009,12,21
story_reviews_01693,2009,12,15
story_reviews_01694,2009,12,15
story_reviews_01695,2009,12,15
story_reviews_01697,2009,12,14
story_reviews_01699,2009,12,10
